Date,^DJI,MMM,AXP,T,BA,CAT,CVX,CSCO,KO,XOM,GE,GS,HD,IBM,INTC,JNJ,JPM,MCD,MRK,MSFT,NKE,PFE,PG,TRV,UTX,UNH,VZ,V,WMT,DIS
2010-05-01,10136.6298828125,61.079002380371094,34.33340072631836,14.0455904006958,49.96689987182617,45.573692321777344,50.77412796020508,17.760103225708008,17.671602249145508,43.423187255859375,11.449179649353027,125.0916748046875,26.743839263916016,91.1899185180664,15.771031379699707,43.187984466552734,30.461257934570312,49.31568908691406,23.830646514892578,20.34654998779297,13.496199607849121,10.529659271240234,44.99268341064453,38.68426513671875,53.382408142089844,24.816116333007812,16.155345916748047,14.99693775177002,39.49637222290039,29.10980987548828
2010-06-01,9774.01953125,61.21507263183594,34.18701934814453,13.982006072998047,49.137107849121094,45.05614471435547,47.07871627807617,16.341442108154297,17.23153305053711,41.266807556152344,10.097681999206543,114.1124496459961,22.17068099975586,90.3548583984375,14.4215726852417,44.15061569213867,28.17551612854004,48.986358642578125,24.73605728149414,18.228164672851562,12.595590591430664,9.962924003601074,44.175174713134766,38.51223373413086,51.72615051269531,24.244165420532227,16.44886016845703,14.73054313659668,37.76903533935547,27.437429428100586
2010-07-01,10465.9404296875,66.2911605834961,38.614383697509766,14.993521690368652,53.35781478881836,52.316741943359375,52.87163162231445,17.691091537475586,19.27043914794922,43.1540641784668,11.362671852111816,131.10711669921875,22.676433563232422,93.95499420166016,15.274263381958008,43.425479888916016,30.999988555908203,51.856964111328125,24.645591735839844,20.44628143310547,13.937345504760742,10.479937553405762,45.04423522949219,39.747032165527344,56.65888977050781,26.1032772064209,18.189130783081055,15.271873474121094,40.22043991088867,29.344987869262695
2010-08-01,10014.7197265625,60.874080657958984,34.488258361816406,15.897083282470703,47.86854553222656,49.199440002441406,51.393917083740234,15.32921314239502,19.539688110351562,42.74190902709961,10.206668853759766,119.03260040283203,22.12761688232422,90.09870910644531,13.10175609588623,42.6255989074707,28.021381378173828,54.33340835571289,25.14623260498047,18.59256935119629,13.248425483703613,11.115718841552734,44.290645599365234,38.596771240234375,51.965206146240234,27.19197654724121,18.819232940673828,14.362016677856445,39.39544677734375,28.343299865722656
2010-09-01,10788.0498046875,67.62004852294922,36.3566780090332,16.820438385009766,52.42151641845703,59.407779693603516,56.75529479980469,16.79387855529785,20.46282386779785,44.99950408935547,11.45430850982666,125.9983139038086,25.41229820251465,98.64151000976562,14.344802856445312,46.75532913208008,29.331512451171875,55.826744079589844,26.32630157470703,19.504093170166016,15.167552947998047,12.129652976989746,44.51333236694336,41.04697799682617,57.106712341308594,30.098060607910156,20.76935386657715,15.56473445892334,42.29615020751953,28.83108139038086
2010-10-01,11118.490234375,65.67822265625,35.86362838745117,16.773387908935547,55.65157699584961,59.34738540649414,57.8406867980957,17.530048370361328,21.76926040649414,48.42234802246094,11.379096031188965,140.42127990722656,24.7866153717041,105.59805297851562,14.979860305786133,48.098533630371094,29.0001277923584,58.26930236816406,26.240781784057617,21.240264892578125,15.647892951965332,12.306262016296387,47.18547058105469,43.80388641357422,59.944793701171875,31.01784896850586,20.699254989624023,16.38216209411621,42.80983352661133,31.47029685974121
2010-11-01,11006.01953125,65.49105072021484,37.56268310546875,16.581249237060547,50.23926544189453,64.22956848144531,56.69926834106445,14.692728996276855,22.426027297973633,50.65812683105469,11.24413776397705,136.07257080078125,24.233129501342773,104.02439880371094,15.80916976928711,46.445953369140625,28.860055923461914,58.66640853881836,24.911029815673828,20.117328643798828,16.549030303955078,11.515043258666992,45.678157806396484,42.84368896484375,60.34565734863281,31.422239303588867,20.70033073425293,15.478795051574707,42.746612548828125,31.801286697387695
2010-12-01,11577.509765625,67.72236633300781,37.30195617675781,17.52994155883789,51.72443389892578,71.1080551147461,64.44464874267578,15.513251304626465,23.67401885986328,53.58604049682617,12.991487503051758,146.8704376220703,28.34174919128418,108.40138244628906,15.83504581451416,47.073978424072266,32.7337760925293,57.96274185180664,26.04564666748047,22.364389419555664,16.412614822387695,12.497730255126953,48.11652374267578,44.20860290527344,63.47535705566406,31.069480895996094,23.13832664489746,14.870473861694336,42.62016677856445,32.67232131958008
2011-01-01,11891.9296875,68.9936294555664,37.70174026489258,16.420154571533203,55.06916427612305,73.65143585205078,67.04361724853516,16.218748092651367,22.62295913696289,59.12639236450195,14.422866821289062,142.9052276611328,29.724084854125977,119.65811920166016,16.158823013305664,45.49089050292969,34.67835998535156,55.629425048828125,24.22733497619629,22.22015380859375,16.07516098022461,13.004490852355957,47.218963623046875,44.9400520324707,65.55577087402344,35.43632125854492,23.034862518310547,14.758491516113281,44.5560417175293,34.22724151611328
2011-02-01,12226.33984375,72.3758316040039,38.022586822509766,17.1796875,57.07443618774414,78.513427734375,73.27265167236328,14.232622146606445,23.008098602294922,62.68071365356445,14.981452941894531,143.04501342773438,30.289947509765625,119.56949615478516,16.166358947753906,46.761924743652344,36.07014083862305,57.14723205566406,23.789098739624023,21.29865264892578,17.35173988342285,13.732521057128906,47.50857925415039,47.871620178222656,67.36195373535156,36.757102966308594,24.18857765197754,15.434619903564453,41.30592727661133,38.51555633544922
2011-03-01,12319.73046875,73.81373596191406,39.445064544677734,18.52960777282715,58.9366340637207,84.93607330322266,76.4849624633789,13.151372909545898,23.879182815551758,61.97962951660156,14.461790084838867,138.81507873535156,29.958518981933594,120.92532348632812,15.3236722946167,45.50293731689453,35.614349365234375,57.92662048339844,24.110477447509766,20.46535873413086,14.753750801086426,14.64865779876709,46.41599655151367,47.512176513671875,68.60027313232422,39.018802642822266,25.249950408935547,15.681221008300781,41.36153793334961,37.943199157714844
2011-04-01,12810.5400390625,76.74256134033203,42.831058502197266,18.838336944580078,63.60022735595703,88.03298950195312,77.87251281738281,13.482165336608887,24.63704490661621,64.81600952148438,14.750301361083984,132.17184448242188,30.236284255981445,126.494384765625,17.578933715820312,50.471797943115234,35.25126647949219,59.61671829223633,26.564680099487305,20.89255714416504,16.27241325378418,15.124679565429688,48.90257263183594,50.858123779296875,72.5955581665039,42.619991302490234,24.752016067504883,16.63973617553711,43.99609375,37.95199966430664
2011-05-01,12569.7900390625,74.50843811035156,45.209373474121094,19.376079559326172,62.20513916015625,81.03871154785156,74.649169921875,12.9281005859375,24.399656295776367,61.49342346191406,14.166061401367188,123.17430114746094,29.528196334838867,125.27082824707031,17.092952728271484,51.677513122558594,33.58601760864258,62.075679779052734,27.155820846557617,20.1590576171875,16.69345474243164,15.4708833694458,50.90360641479492,49.893680572509766,71.12871551513672,42.3775749206543,24.50640869140625,17.265958786010742,44.18815612792969,36.657588958740234
2011-06-01,12414.33984375,75.32083129882812,45.29697799682617,19.283981323242188,59.24788284301758,81.54425811767578,73.74208068847656,12.012360572814941,24.57495880126953,60.293724060058594,13.6034574508667,116.78731536865234,29.479354858398438,127.7825927734375,16.959318161010742,51.52925109863281,31.79953956604004,64.67066955566406,26.076974868774414,21.094409942626953,17.78658676147461,15.001655578613281,48.29764938354492,46.91999816894531,72.12262725830078,44.654449462890625,24.705488204956055,18.082170486450195,42.8050537109375,34.37693786621094
2011-07-01,12143.240234375,69.19829559326172,44.00155258178711,17.96400260925293,56.47504425048828,75.6693344116211,74.58822631835938,12.28939151763916,25.200166702270508,59.11572265625,13.028756141662598,118.43704223632812,28.643125534057617,135.454833984375,17.089418411254883,50.189109802246094,31.41893196105957,66.32730102539062,25.49308204650879,22.23025894165039,18.09330177307129,14.018536567687988,46.71735763549805,44.606651306152344,67.50241088867188,43.10811233520508,23.41812515258789,18.35686683654785,42.458683013916016,34.007110595703125
2011-08-01,11613.5302734375,65.89482879638672,43.71137237548828,17.72610855102539,53.581947326660156,69.9969253540039,70.87385559082031,12.104324340820312,26.104270935058594,54.84076690673828,11.864826202392578,101.98381042480469,27.372098922729492,128.05078125,15.40573501586914,50.97151184082031,29.353410720825195,69.34146118164062,24.72373390197754,21.581201553344727,17.39082908630371,13.82190990447998,48.77757263183594,40.82807540893555,60.50282669067383,41.275390625,24.315513610839844,18.859020233154297,42.84532928466797,29.991771697998047
2011-09-01,10913.3798828125,57.39313507080078,39.481815338134766,17.751005172729492,48.82194900512695,56.79750061035156,66.9241714477539,11.973010063171387,25.03342628479004,54.16627883911133,11.07189655303955,83.21915435791016,27.15361213684082,130.8227996826172,16.491201400756836,49.77655792236328,23.53900146484375,67.81062316894531,24.424959182739258,20.321292877197266,17.162036895751953,13.018741607666016,48.39458465576172,39.428306579589844,57.714874267578125,40.059356689453125,24.739030838012695,18.524988174438477,42.1086540222168,26.557594299316406
2011-10-01,11955.009765625,63.17319869995117,44.51154708862305,18.242700576782227,53.08208465576172,72.6583251953125,75.93025970458984,14.31353759765625,25.66272735595703,58.23826217651367,12.277105331420898,96.42158508300781,29.57406234741211,138.12440490722656,18.964113235473633,50.323631286621094,27.165193557739258,71.694580078125,26.079145431518555,21.741907119750977,19.618398666381836,14.18217945098877,49.0150260925293,47.6142692565918,63.96543884277344,41.82769012451172,24.86003303527832,20.154462814331055,46.01932144165039,30.713825225830078
2011-11-01,12045.6796875,64.78812408447266,42.418704986572266,18.315509796142578,55.42190933227539,75.70574188232422,74.31841278076172,14.455607414245605,25.253305435180664,59.99085998535156,11.689329147338867,84.37220001220703,32.399295806884766,140.64556884765625,19.25004768371582,50.58154296875,24.416339874267578,73.75623321533203,27.024036407470703,20.884639739990234,19.583784103393555,14.778627395629883,49.86252975463867,45.90065002441406,62.833431243896484,42.507545471191406,25.71748924255371,20.956228256225586,47.78804397583008,31.567964553833008
2011-12-01,12217.5595703125,65.80142974853516,41.65049743652344,19.11182975769043,59.55915832519531,70.07500457763672,77.51404571533203,14.021316528320312,26.667152404785156,63.58928298950195,13.158760070800781,79.90095520019531,35.00099563598633,138.11634826660156,18.906476974487305,51.72932434082031,26.213857650756836,78.05303192138672,28.49807357788086,21.354488372802734,19.62247085571289,16.0950927734375,51.51508331298828,48.28340148925781,60.31922149658203,44.17226791381836,27.346555709838867,22.14548110961914,48.48579025268555,33.0208854675293
2012-01-01,12632.91015625,69.81085205078125,44.27296829223633,18.587270736694336,60.233089447021484,84.3993911743164,75.1244888305664,15.238879203796387,25.737213134765625,62.824066162109375,13.885313034057617,98.4912109375,36.9575080871582,144.66607666015625,20.59831428527832,51.989627838134766,29.40682601928711,77.05725860595703,29.276199340820312,24.291141510009766,21.4958553314209,15.916595458984375,48.681026458740234,47.92850875854492,64.66016387939453,45.292335510253906,25.669780731201172,21.95135498046875,50.09501647949219,34.8288688659668
2012-02-01,12952.0703125,70.52737426757812,46.87555694580078,19.616966247558594,60.85830307006836,88.73113250732422,79.49560546875,15.468578338623047,26.625221252441406,64.89466857910156,14.137633323669434,101.73391723632812,39.60506820678711,147.76820373535156,20.956951141357422,51.334930419921875,31.158987045288086,77.23616790771484,29.199695587158203,26.109073638916016,22.308231353759766,15.71577262878418,52.63484573364258,47.65719985961914,69.2156753540039,48.75550842285156,26.31439208984375,25.382341384887695,48.23360061645508,37.59548568725586
2012-03-01,13212.0400390625,72.30848693847656,51.280399322509766,20.02738380432129,60.74277877807617,82.75667572021484,78.70276641845703,16.456764221191406,28.206878662109375,65.42337799072266,15.031669616699219,110.22113037109375,41.886295318603516,157.33187866210938,22.098909378051758,52.48865509033203,36.510963439941406,76.8542251586914,29.375642776489258,26.71152114868164,22.415719985961914,17.021286010742188,52.315711975097656,48.668392181396484,68.83853149414062,51.54528045654297,26.39724349975586,25.935928344726562,49.964385986328125,39.19814682006836
2012-04-01,13213.6298828125,72.43004608154297,53.363162994384766,21.10474967956543,62.72751235961914,79.84323120117188,78.22560119628906,15.686450958251953,29.516462326049805,65.12918853759766,14.664679527282715,102.050048828125,43.38397979736328,156.14804077148438,22.31895637512207,51.804290771484375,34.128787994384766,76.3449935913086,30.352842330932617,26.512798309326172,23.437467575073242,17.20915412902832,49.53684616088867,53.26071548461914,67.75959777832031,49.24887466430664,27.881790161132812,27.030513763427734,48.416316986083984,38.59827423095703
2012-05-01,12393.4501953125,68.41786193847656,49.652427673339844,22.222492218017578,56.85499572753906,68.36096954345703,72.16925048828125,12.754485130310059,28.901531219482422,59.31328582763672,14.297687530517578,84.81275939941406,41.33163833618164,145.45565795898438,20.30710792541504,49.679595947265625,26.495460510253906,69.99139404296875,29.068796157836914,24.169538497924805,22.664390563964844,16.43512535095215,48.89616394042969,51.74538040161133,61.50983810424805,48.91557693481445,29.13121795654297,25.320499420166016,54.095436096191406,40.9261589050293
2012-06-01,12880.08984375,73.12757110595703,51.76906967163086,23.191516876220703,61.04182815551758,66.24664306640625,78.14448547363281,13.410566329956055,30.23967742919922,64.9930419921875,15.608372688293457,85.36063385009766,44.65111541748047,148.0943145751953,21.095487594604492,54.28523635864258,28.557552337646484,69.89982604980469,32.29435729980469,25.494945526123047,18.637563705444336,17.455595016479492,48.079795837402344,52.86324691772461,63.0859375,51.31005859375,31.090078353881836,27.380008697509766,57.68907165527344,43.42416763305664
2012-07-01,13008.6796875,74.45790100097656,51.324398040771484,24.661304473876953,60.7214241027832,65.70052337646484,81.16656494140625,12.457688331604004,31.678752899169922,65.96522521972656,15.722726821899414,89.84858703613281,43.96859359741211,148.39724731445312,20.343486785888672,55.61907196044922,28.773351669311523,70.55514526367188,34.53968048095703,24.561492919921875,19.820201873779297,18.244888305664062,50.66237258911133,52.27335739135742,62.17555618286133,44.976016998291016,31.579795837402344,28.584789276123047,61.58628845214844,43.997188568115234
2012-08-01,13090.83984375,75.5760269165039,52.02531051635742,24.125619888305664,58.65931701660156,66.99968719482422,83.07758331298828,14.972123146057129,29.326383590698242,66.30702209472656,15.692412376403809,94.1406478881836,47.819419860839844,147.54153442382812,19.65481948852539,54.180789947509766,29.932010650634766,70.65779113769531,33.66387939453125,25.686635971069336,20.671613693237305,18.108278274536133,53.200069427490234,54.017189025878906,66.69419860839844,47.80187225341797,30.379060745239258,28.40318489074707,60.07206726074219,44.292659759521484
2012-09-01,13437.1298828125,75.90960693359375,50.74031066894531,24.823579788208008,57.52339553833008,67.5571517944336,87.0278549194336,14.98781681060791,29.741968154907227,69.91043090820312,17.207855224609375,101.6737289428711,51.13140869140625,157.7530059814453,18.0942325592041,55.873138427734375,32.62379837036133,73.0123062133789,35.26691436767578,24.96750259399414,20.449810028076172,19.0338134765625,54.91822052001953,56.95416259765625,65.84412384033203,48.779029846191406,32.239723205566406,29.941484451293945,61.39486312866211,46.808563232421875
2012-10-01,13096.4599609375,71.95069122314453,49.946083068847656,22.775798797607422,58.2176513671875,66.59137725830078,82.30913543701172,13.457646369934082,29.35203742980957,69.69641876220703,16.08439826965332,109.46383666992188,51.986846923828125,147.92816162109375,17.271764755249023,57.421783447265625,33.590911865234375,69.0732192993164,36.02110290527344,23.943965911865234,19.689208984375,19.049135208129883,54.823211669921875,59.61525344848633,65.73478698730469,49.49764633178711,31.581777572631836,30.940425872802734,62.40977096557617,43.97928237915039
2012-11-01,13025.580078125,74.70221710205078,50.0587158203125,22.733808517456055,61.391334533691406,67.33316802978516,78.91194152832031,14.948639869689941,29.93624496459961,67.38008880615234,16.13786506652832,105.34965515136719,55.112159729003906,144.53660583496094,15.626832008361816,56.537994384765625,33.35187530517578,69.26419067382812,34.97116470336914,22.333173751831055,21.00355339050293,19.16402816772461,55.74442672729492,59.5144157409668,67.3747787475586,48.07457733154297,31.557781219482422,33.38203430175781,59.9140510559082,44.462772369384766
2012-12-01,13104.1396484375,76.76846313476562,51.473609924316406,22.45404815673828,62.66680908203125,70.7851333618164,81.4373779296875,15.64856243133545,28.814197540283203,66.5788345336914,16.030935287475586,114.57157135009766,52.62087631225586,146.29953002929688,16.63493537902832,57.340614318847656,35.698184967041016,70.8255844116211,32.31873321533203,22.592805862426758,22.23601722717285,19.38254737854004,54.19573211669922,60.35475158691406,69.45533752441406,47.942012786865234,30.949792861938477,34.11513900756836,56.76112365722656,44.57916259765625
2013-01-01,13860.580078125,83.13482666015625,52.664634704589844,23.17343521118164,61.427791595458984,78.16836547851562,86.7164535522461,16.3812198638916,29.60112953186035,69.20967864990234,17.177724838256836,132.80459594726562,56.934349060058594,155.09814453125,16.973772048950195,60.46531295776367,38.19876480102539,76.51026916503906,34.46977996826172,23.2187442779541,23.699403762817383,21.08277130126953,59.99928283691406,66.34718322753906,74.16416931152344,48.99343490600586,31.19300079345703,35.5397834777832,58.514522552490234,48.98192596435547
2013-02-01,14054.490234375,85.9872817993164,55.84995651245117,24.22752571105957,63.94744873046875,73.3856430053711,88.22256469726562,16.612167358398438,30.777542114257812,68.88656616210938,17.902450561523438,134.51113891601562,58.27859115600586,153.38726806640625,16.844684600830078,62.256717681884766,39.98981475830078,77.00006103515625,34.05534744262695,23.51479148864746,23.879175186157227,21.337202072143555,61.306583404541016,68.00459289550781,76.6879653930664,47.43160629272461,33.66958236694336,35.70407485961914,59.20881652832031,49.62738037109375
2013-03-01,14578.5400390625,88.44002532958984,60.62168502807617,24.753767013549805,71.84850311279297,69.09548950195312,90.17686462402344,16.64401626586914,32.144718170166016,69.76020812988281,17.977096557617188,132.61595153808594,59.36759948730469,163.59715270996094,17.808521270751953,67.22362518310547,38.79633712768555,80.6888198852539,35.2269172668457,24.400293350219727,26.07576560974121,22.498777389526367,62.0147705078125,71.19258117675781,79.6003646850586,50.768226623535156,35.56544494628906,38.549312591552734,62.59674072265625,51.636470794677734
2013-04-01,14839.7998046875,87.10896301269531,61.475372314453125,25.27326774597168,76.50172424316406,67.2681884765625,92.59783935546875,16.659948348999023,33.89060592651367,68.89315032958984,17.33172607421875,131.64266967773438,62.748008728027344,155.34451293945312,19.529033660888672,70.27437591552734,40.06339645385742,82.67184448242188,37.81955337524414,28.229629516601562,28.10402488708496,22.662498474121094,61.78137969970703,72.63441467285156,77.77713012695312,53.388885498046875,39.009822845458984,38.236087799072266,65.4336929321289,57.12739944458008
2013-05-01,15115.5703125,91.734375,68.23715209960938,23.88957977294922,82.8705825805664,68.60383605957031,93.15948486328125,19.363588333129883,32.01713943481445,70.03889465332031,18.132600784301758,146.0713653564453,67.29051208496094,159.54750061035156,19.798112869262695,69.40860748291016,44.9037971496582,78.16350555419922,37.57815170288086,29.764772415161133,27.246763229370117,21.228057861328125,62.22679901123047,71.19722747802734,80.85276794433594,55.79418182373047,35.4489860534668,40.43320083618164,63.00898361206055,57.3455810546875
2013-06-01,14909.599609375,91.4876937866211,67.38095092773438,24.169513702392578,86.1737289428711,65.95719909667969,90.53685760498047,19.54020118713379,32.11320495605469,70.42986297607422,18.031522750854492,136.74179077148438,66.27249908447266,147.264892578125,19.943462371826172,71.32599639892578,43.42318344116211,80.75813293457031,37.37697982788086,29.664308547973633,28.32844352722168,22.01816177368164,62.41326904296875,67.96559143066406,79.626953125,58.33312225341797,36.809043884277344,41.785438537597656,63.09046936035156,57.409217834472656
2013-07-01,15499.5400390625,98.247802734375,66.4886245727539,24.080751419067383,88.41134643554688,66.29303741455078,96.31302642822266,20.543703079223633,32.310997009277344,73.08026123046875,19.106487274169922,148.29592895507812,67.94207763671875,150.29324340820312,19.21091079711914,77.6727066040039,45.841522216796875,80.0076675415039,39.117000579833984,27.34544563293457,27.990352630615234,22.977184295654297,65.09657287597656,71.48724365234375,90.44778442382812,65.47138977050781,36.18019104003906,40.47299575805664,66.01251983642578,58.77285385131836
2013-08-01,14810.3095703125,95.0267105102539,65.00991821289062,23.39136505126953,87.41871643066406,66.457275390625,92.13583374023438,18.84493637084961,30.779277801513672,67.94320678710938,18.142141342163086,137.537353515625,64.03907012939453,140.4530029296875,18.091510772705078,71.78289031982422,41.867286682128906,76.97310638427734,38.40237808227539,28.685232162475586,27.945873260498047,22.356218338012695,63.615455627441406,68.36424255371094,85.7613525390625,64.47383880615234,34.9959831237793,39.88079833984375,61.81156539916992,55.30012130737305
2013-09-01,15129.669921875,100.45706176757812,68.27352142333984,23.38444709777832,99.29224395751953,67.14970397949219,93.72233581542969,18.94194793701172,30.537433624267578,67.53369903564453,18.730159759521484,143.50245666503906,65.208251953125,143.40869140625,19.0498046875,72.55806732177734,42.82841873168945,79.11627197265625,38.66224670410156,28.7835750579834,32.52995681762695,22.768310546875,61.7369499206543,72.53111267089844,92.84058380126953,64.35698699951172,34.47154998779297,44.018836975097656,63.02198028564453,58.62739181518555
2013-10-01,15545.75,105.8748779296875,73.95094299316406,25.030071258544922,110.27778625488281,67.11751556396484,92.53443145751953,18.23859977722168,32.131839752197266,70.34369659423828,20.65839385986328,145.90611267089844,67.31446838378906,138.78538513183594,20.338077545166016,77.51301574707031,42.70414352416992,79.37120819091797,36.94586944580078,30.625797271728516,33.92717361450195,24.321603775024414,65.9513168334961,74.3008041381836,91.48868560791016,61.57733154296875,37.3078727722168,45.30185317993164,65.39934539794922,62.35468673706055
2013-11-01,16086.41015625,112.3190689086914,77.80277252197266,24.672090530395508,113.44666290283203,68.59294128417969,94.44743347167969,17.305091857910156,32.635292053222656,73.37344360351562,21.069345474243164,153.23497009277344,69.71697998046875,139.1492919921875,19.814462661743164,79.22881317138672,47.7596549987793,80.07018280029297,40.82973098754883,32.97831726074219,35.4408073425293,25.145793914794922,69.32272338867188,78.12346649169922,95.45823669433594,67.18838500976562,37.0659065246582,46.86589050292969,69.02932739257812,64.12741088867188
2013-12-01,16576.66015625,118.56824493408203,82.27326965332031,24.637060165405273,115.7599105834961,73.6279525756836,97.16181182861328,18.266042709350586,33.77975845336914,79.97344970703125,22.152061462402344,161.30947875976562,71.16027069091797,146.03965759277344,21.778467178344727,77.1944580078125,48.81133270263672,80.45420837402344,41.009986877441406,32.6009521484375,35.21690368652344,24.46197509765625,67.00975036621094,77.9512939453125,98.53079223632812,67.92810821533203,36.70735168457031,51.710411071777344,67.05247497558594,69.45469665527344
2014-01-01,15698.849609375,108.37264251708984,77.09548950195312,23.347740173339844,106.23551940917969,76.14140319824219,86.83189392089844,17.84256935119629,30.925935745239258,72.8295669555664,20.027372360229492,149.35189819335938,66.74198150634766,137.5608673095703,20.587196350097656,74.56483459472656,46.207176208496094,78.08279418945312,43.7962532043457,32.975685119628906,32.829078674316406,24.278291702270508,63.06703567504883,70.37903594970703,98.72126770019531,65.45232391357422,35.87071228027344,50.026824951171875,64.00592803955078,66.82415771484375
2014-02-01,16321.7099609375,113.90158081054688,82.98560333251953,22.67215919494629,109.33963775634766,79.65568542480469,89.70997619628906,17.888568878173828,31.236669540405273,76.07747650146484,20.2983341217041,151.47218322753906,71.24065399169922,144.17105102539062,20.771759033203125,77.64114379882812,47.7359733581543,78.8953857421875,47.12004470825195,33.38527297973633,35.28506088256836,25.64394760131836,65.23560333251953,72.59567260742188,101.31875610351562,69.97096252441406,35.92829132080078,52.46744155883789,64.02307891845703,74.3707504272461
2014-03-01,16457.66015625,115.44141387939453,81.84915924072266,24.901735305786133,107.03087615966797,81.62716674804688,93.3162612915039,18.397323608398438,31.61281394958496,77.73846435546875,20.82060432434082,149.60952758789062,68.72209930419922,150.6919708251953,21.859102249145508,83.38655853271484,51.00405502319336,81.97584533691406,46.93813705444336,35.988624572753906,33.489200592041016,25.86583709716797,66.84451293945312,73.68670654296875,101.69404602050781,74.24510192871094,35.920745849609375,50.49002456665039,65.50580596923828,73.6897201538086
2014-04-01,16580.83984375,118.36019134521484,79.48542785644531,25.349079132080078,110.0416259765625,86.5804672241211,98.5035629272461,18.963525772094727,33.61881637573242,81.50283813476562,21.624797821044922,145.9297637939453,69.44930267333984,153.80772399902344,22.604400634765625,85.98416137695312,47.03025436401367,84.77720642089844,48.79606628417969,35.470603942871094,33.076595306396484,25.189395904541016,68.46170806884766,78.89932250976562,102.9909439086914,68.1971206665039,35.28643798828125,47.390830993652344,68.75772094726562,73.01789855957031
2014-05-01,16717.169921875,121.30451965332031,83.39598846435547,25.516490936279297,115.355224609375,84.4709701538086,96.36115264892578,20.375267028808594,33.71772384643555,80.00663757324219,21.54438018798828,145.9206085205078,70.0782241821289,144.3273468017578,23.137962341308594,86.12847900390625,46.98005294799805,84.81904602050781,48.2127799987793,35.94471740722656,34.87211608886719,23.86067008972168,67.53704833984375,81.39920806884766,101.15442657470703,72.3685531616211,38.145599365234375,50.249107360839844,66.2216796875,77.31576538085938
2014-06-01,16826.599609375,122.6394271850586,86.46751403808594,25.437358856201172,109.12383270263672,89.79222869873047,103.3254623413086,20.565616607666016,34.91279983520508,80.67001342773438,21.13423728942871,153.4090576171875,70.71582794189453,142.73452758789062,26.394821166992188,89.429931640625,48.713165283203125,84.92105865478516,48.204437255859375,36.87027359008789,35.3849983215332,24.113971710205078,65.69792938232422,81.93927764892578,100.98602294921875,74.29524993896484,37.359161376953125,49.660133361816406,65.15619659423828,78.90791320800781
2014-07-01,16563.30078125,120.62740325927734,80.20596313476562,25.602815628051758,103.33441162109375,83.24806213378906,102.28863525390625,20.880096435546875,32.62606430053711,79.27582550048828,20.399065017700195,158.384033203125,71.03271484375,150.92361450195312,28.948881149291992,85.55766296386719,48.75545120239258,79.71148681640625,47.63591384887695,38.16118240356445,35.193363189697266,23.3177547454834,64.63627624511719,78.46527099609375,91.97645568847656,74.00524139404297,38.496822357177734,49.7308235168457,63.86295700073242,79.03675842285156
2014-08-01,17098.44921875,123.29007720947266,81.84371185302734,25.474937438964844,108.7550048828125,90.692626953125,102.4548568725586,20.839351654052734,34.6439208984375,79.69249725341797,21.07227897644043,164.10113525390625,82.14669036865234,151.41969299316406,29.828706741333008,88.6691665649414,50.61164474487305,79.0033950805664,50.4651985168457,40.16825485229492,35.84128189086914,24.089025497436523,70.0311508178711,82.97727966308594,94.45189666748047,79.14588165283203,38.44831466674805,50.086700439453125,65.5293960571289,82.71800994873047
2014-09-01,17042.900390625,122.02706146240234,80.00668334960938,25.678972244262695,109.91410827636719,82.34427642822266,95.24000549316406,20.989452362060547,35.42448043823242,75.8826675415039,20.7802791595459,168.70899963378906,80.60040283203125,150.35877990722656,29.941137313842773,91.73018646240234,51.28419876098633,81.31169891357422,49.768367767333984,41.24656295776367,41.19816589355469,24.23655891418457,70.56199645996094,82.30267333984375,92.89244842529297,78.75324249267578,38.579498291015625,50.67255783081055,66.80855560302734,81.93574523925781
2014-10-01,17390.51953125,132.44003295898438,82.20929718017578,25.387495040893555,107.78279876708984,84.32325744628906,95.74286651611328,20.561235427856445,35.030128479003906,78.02884674072266,21.11832618713379,174.6092529296875,86.1114273071289,130.2164306640625,29.2446346282959,92.75428009033203,51.488521575927734,80.38549041748047,48.99820327758789,41.771484375,42.939388275146484,24.54802131652832,73.53649139404297,88.83145904541016,94.12403106689453,87.12075805664062,38.7801513671875,57.33643341064453,66.63382720947266,84.09850311279297
2014-11-01,17828.240234375,137.8833465576172,84.71834564208984,26.12108612060547,115.93706512451172,84.2869644165039,86.89892578125,23.224868774414062,37.49764633178711,73.05067443847656,21.674715042114258,173.15719604492188,87.771484375,128.45013427734375,32.030662536621094,93.15878295898438,51.5611572265625,83.0269775390625,51.078556060791016,42.53663635253906,45.85834884643555,25.531578063964844,76.78327178955078,92.04808044433594,96.8333969116211,90.44015502929688,39.47962951660156,61.31672286987305,76.47993469238281,85.13845825195312
2014-12-01,17823.0703125,142.28622436523438,85.28669738769531,24.79952049255371,112.8120346069336,76.687744140625,90.37129974365234,23.37611961364746,35.55862808227539,75.13027954101562,20.676481246948242,178.70716857910156,92.68987274169922,127.94959259033203,31.409778594970703,90.57789611816406,53.6352653503418,81.07015228271484,48.02567672729492,41.587284088134766,44.40810775756836,25.752708435058594,77.34365844726562,93.28184509277344,101.71565246582031,92.69588470458984,36.50636672973633,62.75148391723633,75.02967834472656,86.6845932006836
2015-01-01,17164.94921875,140.53707885742188,73.96583557128906,24.30486297607422,126.1693115234375,67.00227355957031,82.59733581542969,22.157739639282227,34.674278259277344,71.04259490966797,19.738800048828125,158.95838928222656,92.64457702636719,122.2634506225586,28.596826553344727,86.74066162109375,46.60731506347656,79.97998809814453,51.36241912841797,36.170650482177734,42.852569580078125,25.835376739501953,71.56985473632812,91.08785247802734,101.52108001708984,97.79479217529297,35.671348571777344,61.006797790527344,74.65815734863281,84.77593994140625
2015-02-01,18132.69921875,146.0355987548828,75.0108871459961,25.877656936645508,130.92552185058594,70.02668762207031,85.9405517578125,24.9666748046875,36.46823501586914,71.9527816772461,21.473899841308594,174.98236083984375,101.80965423583984,129.1457977294922,28.778593063354492,88.79354095458984,52.85894012451172,85.56927490234375,49.87983322143555,39.25947189331055,45.11482238769531,28.373449325561523,72.79685974121094,95.18069458007812,107.82745361328125,104.5875015258789,39.04652404785156,64.93174743652344,73.7356948852539,97.00395202636719
2015-03-01,17776.119140625,143.72010803222656,71.82071685791016,24.4475040435791,131.06285095214844,67.60235595703125,85.40192413330078,23.291513442993164,34.15211486816406,69.59590911865234,20.69498634338379,173.84844970703125,100.7981948852539,128.8953094482422,27.258987426757812,87.74909210205078,52.25514221191406,85.03870391845703,48.97664260864258,36.66249465942383,46.8770751953125,29.0157413482666,70.06902313232422,95.79195404052734,104.22016906738281,108.87665557861328,38.39904022216797,63.07524108886719,72.25973510742188,97.7588882446289
2015-04-01,17840.51953125,136.26182556152344,71.44271087646484,25.93756103515625,125.1768798828125,73.38861846923828,90.34803009033203,24.578041076660156,34.443992614746094,71.53640747070312,22.588483810424805,181.6636199951172,95.40428161621094,137.56060791015625,28.37480354309082,86.52792358398438,54.56684875488281,84.26197052001953,51.159603118896484,43.857940673828125,46.180904388427734,28.29846954345703,67.9910659790039,90.03316497802734,101.1522216796875,102.87800598144531,39.8282470703125,63.69239807128906,68.98175048828125,101.3284912109375
2015-05-01,18010.6796875,138.60562133789062,73.53663635253906,26.234519958496094,122.71424102783203,72.66819763183594,83.79117584228516,24.987241744995117,34.7836799621582,69.75965881347656,22.746967315673828,190.69964599609375,99.36384582519531,136.24351501464844,30.0398006439209,87.34784698486328,57.1176872253418,83.72088623046875,52.30201721191406,42.2529411315918,47.50315856933594,28.982379913330078,67.57243347167969,90.04207611083984,104.19346618652344,111.0140380859375,39.479339599609375,66.22852325439453,65.6408920288086,102.86631774902344
2015-06-01,17619.509765625,135.2909698486328,71.69178771972656,26.97887420654297,121.91864013671875,72.24235534667969,79.26097869873047,23.41008949279785,33.31454086303711,68.68553161621094,22.163070678710938,193.7065887451172,99.105224609375,132.63250732421875,26.709775924682617,85.63011932373047,58.83695602416992,83.69136047363281,48.900535583496094,40.06809997558594,50.74639892578125,28.196250915527344,67.44313049316406,86.0706787109375,99.18544006347656,112.66710662841797,37.21949005126953,64.86644744873047,63.0846061706543,106.38001251220703
2015-07-01,17689.859375,132.6956024169922,70.42303466796875,26.38643455505371,126.70853424072266,66.9702377319336,72.6963119506836,24.228511810302734,35.17338180541992,65.39163208007812,21.96367835998535,190.2553253173828,104.92115783691406,132.08621215820312,25.419063568115234,88.04631042480469,59.505550384521484,87.9080810546875,51.02944564819336,42.38233947753906,54.128875732421875,30.32379913330078,66.11564636230469,95.07832336425781,89.68982696533203,112.5878677368164,37.36323165893555,72.77793884277344,64.01848602294922,111.84160614013672
2015-08-01,16528.029296875,124.62901306152344,71.03411865234375,25.737199783325195,114.8524169921875,65.03568267822266,66.54241943359375,22.233144760131836,33.666446685791016,62.114200592041016,21.888282775878906,174.97508239746094,104.4101333618164,120.58909606933594,25.059070587158203,82.57252502441406,56.022708892822266,85.68087005615234,46.60677719116211,39.496337890625,52.498714447021484,27.969205856323242,61.416500091552734,90.84942626953125,81.91092681884766,107.30160522460938,37.17307662963867,68.87532043457031,57.57038497924805,95.50577545166016
2015-09-01,16284.7001953125,125.1696548461914,68.63607025146484,25.07529640197754,115.8239974975586,56.182029724121094,65.62541961669922,22.551006317138672,34.351409912109375,61.953758239746094,21.223146438598633,161.7628936767578,103.5405044555664,119.1894302368164,26.68377113342285,82.64643096923828,53.2871208190918,87.50141906738281,42.746681213378906,40.43280792236328,57.769718170166016,26.619903564453125,62.52021789550781,89.17399597167969,80.0881118774414,107.58911895751953,35.15323257446289,67.40135192871094,58.061988830566406,95.80575561523438
2015-10-01,17663.5390625,138.80177307128906,67.83055114746094,25.79107666015625,130.9665069580078,62.7406120300293,75.60900115966797,24.78462791442871,36.57493209838867,68.94490051269531,24.563358306884766,174.55426025390625,111.41165924072266,115.16902923583984,29.977188110351562,89.44583129882812,56.153804779052734,99.68572235107422,47.715110778808594,48.08817672729492,61.86917495727539,28.66237449645996,66.37883758544922,101.77897644042969,88.5657958984375,109.703125,37.8759765625,75.0645523071289,51.25645446777344,106.62374877929688
2015-11-01,17719.919921875,138.24554443359375,66.58167266845703,26.28510093688965,128.64910888671875,63.14625549316406,75.97505950927734,23.598886489868164,36.80811309814453,68.04498291015625,25.429704666137695,176.90025329589844,120.6388931274414,114.62641143798828,30.782825469970703,89.63175964355469,58.69810104370117,101.38194274902344,46.27474594116211,49.65031433105469,62.45940017700195,27.772502899169922,65.62496185302734,103.29363250732422,86.44187927246094,104.9808120727539,37.19762420654297,76.44816589355469,52.6891975402832,106.37065124511719
2015-12-01,17425.029296875,133.87490844726562,64.63924407958984,26.86279296875,128.67916870117188,59.069766998291016,75.75765991210938,23.52094078063965,37.38628387451172,65.51976013183594,26.45742416381836,168.36074829101562,119.17012023925781,114.20785522460938,30.714378356933594,91.61245727539062,58.12590026855469,105.73905181884766,46.10889434814453,51.024227142333984,59.02195739746094,27.578041076660156,69.63227081298828,101.7519302368164,87.01868438720703,109.57271575927734,37.82782745361328,75.17037963867188,54.89204406738281,98.50556182861328
2016-01-01,16466.30078125,134.19485473632812,49.722496032714844,28.150903701782227,106.9107666015625,54.0980339050293,72.81864166259766,20.60247802734375,37.35147476196289,65.43570709228516,24.9085750579834,150.92030334472656,113.82362365722656,103.56050872802734,27.656314849853516,93.14647674560547,52.3775749206543,110.78704071044922,44.61430740356445,50.66554260253906,58.843814849853516,26.048776626586914,71.63153839111328,97.02581024169922,79.42822265625,107.7260971069336,40.896942138671875,72.20426940917969,59.92083740234375,90.4007339477539
2016-02-01,16516.5,139.41156005859375,51.88170623779297,29.25161361694336,105.17536926269531,60.35679626464844,70.26699829101562,22.848913192749023,37.53422927856445,67.36894989013672,24.94280433654785,139.68251037597656,112.33927154541016,108.73896026611328,26.38137435913086,93.83318328857422,49.89309310913086,104.8887939453125,44.20928192138672,46.79366683959961,58.44527053833008,25.34821891784668,71.01746368408203,97.46090698242188,87.5168685913086,111.4117431640625,42.02962112426758,70.168701171875,59.90277099609375,90.11769104003906
2016-03-01,17685.08984375,149.1553192138672,57.31444549560547,31.009078979492188,114.01679992675781,68.23795318603516,81.35782623291016,24.847537994384766,40.371280670166016,70.8980941772461,27.4377384185791,147.27903747558594,120.76559448242188,126.96891021728516,29.095947265625,97.19921875,52.480804443359375,113.33978271484375,46.58659362792969,51.158992767333984,58.33138656616211,25.57716941833496,72.8041763305664,105.7911148071289,91.3449935913086,120.57913208007812,44.80509567260742,74.43199157714844,61.844154357910156,93.69335174560547
2016-04-01,17773.640625,149.82662963867188,61.07628631591797,30.732004165649414,121.07661437988281,69.28994750976562,87.1398696899414,23.99223518371582,39.29160690307617,74.97776794433594,26.540122985839844,153.9684600830078,121.84830474853516,122.34953308105469,27.23417091369629,100.68474578857422,56.00789260864258,114.07024383544922,48.708370208740234,46.1940803527832,56.07476043701172,28.22635841369629,70.86710357666016,100.17168426513672,95.24153900146484,123.6880111694336,42.20360565185547,75.17161560058594,60.82835388183594,97.4199447631836
2016-05-01,17787.19921875,150.6680145263672,61.681522369384766,31.3775634765625,113.30724334716797,65.27537536621094,86.13356018066406,25.58560562133789,39.11619567871094,75.50363159179688,26.091318130493164,149.62457275390625,120.23750305175781,128.8887176513672,28.412395477294922,101.23273468017578,58.27056121826172,110.07521057128906,49.969608306884766,49.093379974365234,52.535606384277344,29.94359016418457,72.26759338378906,104.0363540649414,91.78302764892578,125.5572509765625,42.61560821533203,76.82611083984375,64.38508605957031,93.60843658447266
2016-06-01,17929.990234375,157.7987060546875,56.99161148071289,34.631526947021484,117.60001373291016,68.24613952636719,90.3448486328125,25.268539428710938,39.756439208984375,80.1751708984375,27.170181274414062,139.9695281982422,116.80767059326172,129.70635986328125,29.755508422851562,109.74532318115234,55.47621536254883,108.52409362792969,51.16866683959961,47.72978210449219,52.51658248901367,30.655773162841797,75.50464630126953,108.50260925292969,94.20207977294922,132.63023376464844,46.7515869140625,72.3116455078125,66.90901947021484,92.28761291503906
2016-07-01,18432.240234375,160.7182159423828,60.76649856567383,34.69564437866211,121.03193664550781,74.5027084350586,88.31957244873047,26.88911247253418,38.55891036987305,76.07831573486328,27.088550567626953,149.60671997070312,126.45856475830078,137.26075744628906,31.624298095703125,113.30095672607422,57.109981536865234,106.87808990478516,52.52657699584961,52.86933517456055,52.95624923706055,32.11846923828125,76.32505798339844,106.55528259277344,98.88691711425781,135.12135314941406,46.39157485961914,76.09444427490234,66.86321258544922,90.52336883544922
2016-08-01,18400.880859375,161.51119995117188,61.82231521606445,33.130958557128906,117.21969604492188,74.48420715332031,86.68212127685547,27.942853927612305,38.382164001464844,74.53022766113281,27.175537109375,159.63951110839844,122.68968200683594,135.7738037109375,32.558692932128906,107.97203826904297,60.73053741455078,105.07030487060547,56.22475051879883,53.596900939941406,54.998165130615234,30.29880714416504,78.46853637695312,108.83824157714844,97.76622772216797,128.37477111816406,44.25518035888672,78.873046875,65.46125793457031,89.7650146484375
2016-09-01,18308.150390625,159.78839111328125,60.370567321777344,32.91213607788086,120.28192138671875,80.68289947509766,89.63336944580078,28.191709518432617,37.40117263793945,75.28656005859375,25.76630401611328,152.5182342529297,118.31693267822266,136.9206085205078,34.50563430786133,107.59030151367188,59.91179656982422,105.61221313476562,55.88447952270508,54.062355041503906,50.236881256103516,29.734220504760742,80.66146087646484,105.02417755126953,93.89712524414062,132.1018829345703,43.959190368652344,80.76786804199219,66.53672790527344,88.24453735351562
2016-10-01,18142.419921875,149.8781280517578,62.61418151855469,29.816240310668945,130.0421600341797,75.85665130615234,91.22711944580078,27.267383575439453,37.778018951416016,71.87068939208984,25.519495010375977,168.5673370361328,112.18409729003906,132.47293090820312,31.873149871826172,105.64122009277344,62.31402587890625,103.05796813964844,52.96587371826172,56.23986053466797,48.14495086669922,27.837974548339844,78.01019287109375,99.7441177368164,94.45162963867188,133.97268676757812,40.67790222167969,80.58231353759766,64.59930419921875,88.08297729492188
2016-11-01,19123.580078125,155.71731567382812,68.2539291381836,31.688674926757812,137.4650421142578,87.62098693847656,97.157958984375,26.72208023071289,35.95148468017578,75.30379486083984,26.97524642944336,207.3896484375,118.97896575927734,139.82537841796875,31.7177677154541,101.36968231201172,72.65420532226562,109.19181823730469,55.19383239746094,56.55897903442383,48.03941345214844,28.21546745300293,74.6814193725586,104.51094055175781,99.55313873291016,150.07823181152344,42.68099594116211,75.51355743408203,64.9775619506836,94.19340515136719
2016-12-01,19762.599609375,162.87513732910156,70.18670654296875,33.12422180175781,144.33763122558594,85.03528594970703,103.53150939941406,27.080520629882812,37.73798751831055,78.54646301269531,27.711889266967773,227.15756225585938,123.93668365478516,144.37289428710938,33.403846740722656,105.65591430664062,77.47547149658203,112.30135345458984,53.101173400878906,58.71752166748047,49.622493743896484,28.106752395629883,76.14861297607422,112.8736801147461,101.9338607788086,152.312744140625,45.65755081176758,76.3575668334961,63.76897430419922,99.03990173339844
2017-01-01,19864.08984375,159.52621459960938,72.3658218383789,34.58437728881836,151.5137481689453,87.71269989013672,97.94591522216797,27.528583526611328,37.351619720458984,73.00312805175781,26.249582290649414,217.54754638671875,127.171875,151.79200744628906,33.91038513183594,103.85845947265625,76.69612121582031,113.0855712890625,56.344505310058594,61.08927917480469,50.93775939941406,28.13334846496582,79.33657836914062,109.22187805175781,101.98035430908203,154.2733154296875,41.919742584228516,80.94761657714844,62.01390838623047,105.96067810058594
2017-02-01,20812.240234375,170.0475616455078,76.17593383789062,34.679290771484375,167.0989990234375,89.3650131225586,98.95746612548828,30.89212989807129,37.70204544067383,70.76666259765625,26.3468074798584,235.32553100585938,133.94740295410156,156.40179443359375,33.33938217163086,112.07542419433594,82.57896423339844,117.77249145507812,59.87114334106445,60.4561882019043,55.03974151611328,30.252439498901367,83.13240051269531,113.35780334472656,104.65843200683594,157.3949432373047,42.90351486206055,86.06620788574219,65.90721130371094,105.42440795898438
2017-03-01,20663.220703125,175.72886657714844,75.27201843261719,34.48012161254883,165.3850555419922,85.75934600830078,95.34902954101562,30.54868507385254,38.133331298828125,72.01970672607422,26.556516647338867,218.4966583251953,135.72210693359375,152.65907287597656,33.4567985534668,114.9771728515625,80.045654296875,120.46099853515625,57.75334930419922,62.609928131103516,53.66279220581055,30.64125633239746,82.01873779296875,111.78132629394531,104.96318817138672,156.09109497070312,42.14277648925781,87.14192962646484,66.97577667236328,108.58456420898438
2017-04-01,20940.509765625,179.8619384765625,75.40522766113281,32.886817932128906,172.8379364013672,94.5423812866211,94.75403594970703,30.792713165283203,39.113494873046875,71.70355987548828,25.83467674255371,212.86590576171875,145.16896057128906,140.5175323486328,33.531005859375,113.98018646240234,79.28018951416016,130.05252075195312,57.062374114990234,65.08162689208984,53.52090072631836,30.38150978088379,79.7183837890625,113.4422378540039,111.3053207397461,167.05661010742188,39.68769073486328,89.44623565673828,70.36990356445312,110.70089721679688
2017-05-01,21008.650390625,187.79745483398438,73.50787353515625,32.355934143066406,175.45628356933594,98.28278350830078,91.89456176757812,28.745288848876953,41.21647644042969,70.69366455078125,24.39991569519043,200.93853759765625,142.76034545898438,133.80245971679688,33.4939079284668,118.3927993774414,75.72431945800781,140.2388458251953,59.6074333190918,66.39351654052734,51.183406829833984,29.243993759155273,81.02751159667969,116.41675567626953,113.4474105834961,167.3431854248047,40.79941177368164,93.37826538085938,73.57109832763672,103.36553192138672
2017-06-01,21349.630859375,192.35614013671875,80.48223876953125,31.68412208557129,186.33529663085938,100.17516326904297,93.59185028076172,28.535598754882812,40.65446853637695,71.56511688232422,24.070180892944336,211.76927185058594,143.48243713378906,136.17178344726562,31.528423309326172,122.93212890625,84.25080108642578,142.34864807128906,58.673622131347656,65.9040298461914,56.98851013183594,30.37714958190918,80.16289520263672,117.98328399658203,114.84819793701172,177.12509155273438,39.067359924316406,92.11962127685547,71.31195831298828,101.74715423583984
2017-07-01,21891.119140625,185.8700408935547,81.4280776977539,32.7506103515625,228.4645233154297,106.22520446777344,97.95164489746094,28.672351837158203,41.89381408691406,70.95345306396484,23.22315216064453,215.04266357421875,139.92813110351562,128.06326293945312,33.14502716064453,123.33171081542969,84.61951446533203,145.09275817871094,58.9113883972168,69.50852966308594,57.23120880126953,29.9882755279541,83.53865051269531,120.13529968261719,111.51873016357422,183.9859161376953,42.339012145996094,97.79729461669922,75.37319946289062,105.27118682861328
2017-08-01,21948.099609375,188.7804718017578,82.56974792480469,31.86701011657715,225.8261260986328,110.31580352783203,96.54322052001953,29.639583587646484,41.62877655029297,67.66463470458984,22.261945724487305,213.52523803710938,140.18064880371094,126.61152648925781,32.771244049072266,123.00647735595703,84.24151611328125,149.60997009277344,58.8929443359375,71.48765563964844,51.18340301513672,30.675582885742188,85.53785705566406,113.6544189453125,112.60033416748047,190.78672790527344,42.51272201538086,101.6871566772461,73.56401824951172,97.63211059570312
2017-09-01,22405.08984375,195.05154418945312,86.7509765625,33.321693420410156,240.96495056152344,117.09494018554688,106.46540069580078,30.94626808166504,41.1352653503418,73.37762451171875,21.926427841186523,227.13427734375,153.89027404785156,129.78311157226562,35.85107421875,121.58192443847656,88.5235824584961,147.40235900878906,59.049713134765625,71.59940338134766,50.425662994384766,32.60068893432617,84.34198760986328,114.91120910644531,109.8398666381836,187.8611297607422,43.85979461669922,103.54319763183594,74.0931167602539,95.09483337402344
2017-10-01,23377.240234375,213.90621948242188,91.603515625,28.625869750976562,244.53855895996094,127.50775146484375,105.00658416748047,31.424772262573242,42.35612487792969,74.60386657714844,18.471134185791016,232.1999969482422,155.97900390625,137.81626892089844,42.82734298706055,130.37257385253906,93.25052642822266,157.02659606933594,51.17255401611328,79.95218658447266,53.479408264160156,32.01625442504883,80.04051971435547,124.98894500732422,113.322021484375,202.4102020263672,42.4240837097168,108.20677185058594,82.78819274902344,94.36162567138672
2017-11-01,24272.349609375,225.94012451171875,94.06546783447266,31.336898803710938,262.3778991699219,133.32156372070312,107.81546783447266,33.30201721191406,42.16267776489258,74.55016326904297,16.757787704467773,237.1412811279297,169.18898010253906,133.3971405029297,42.21538543701172,130.29774475097656,97.44078826904297,161.78700256347656,51.33975601196289,80.90376281738281,58.76023483276367,33.1120719909668,84.04898071289062,127.93318939208984,111.55255889892578,203.2864227294922,45.64158248901367,110.7746810913086,92.19444274902344,101.12447357177734
2017-12-01,24719.220703125,219.8231658935547,95.60577392578125,33.49034118652344,281.0471496582031,148.84034729003906,114.49507904052734,35.54813003540039,42.610511779785156,75.5562744140625,15.988158226013184,244.72604370117188,179.22830200195312,138.61553955078125,43.71566390991211,131.46261596679688,99.69689178466797,162.89344787597656,52.268638610839844,82.633544921875,60.83172607421875,33.37778091430664,85.814208984375,127.99922943115234,121.4352035522461,212.9864959716797,47.47118377685547,112.3803939819336,93.63572692871094,103.71964263916016
2018-01-01,26149.390625,233.95379638671875,95.69242858886719,32.25857162475586,337.71209716796875,153.751953125,114.64142608642578,38.55534362792969,44.19865798950195,78.862548828125,15.027400970458984,257.3389587402344,189.98028564453125,147.90354919433594,45.590816497802734,130.02304077148438,107.83560943603516,161.9659881591797,55.5048828125,91.78175354003906,66.56632232666016,34.1334342956543,80.63994598388672,142.2378692626953,131.37315368652344,228.75326538085938,48.49361801147461,122.4435806274414,101.61186981201172,105.68211364746094
2018-02-01,25029.19921875,219.95394897460938,94.20413208007812,31.6821346282959,345.1835021972656,146.73187255859375,102.35871124267578,41.872554779052734,40.14006805419922,68.41980743408203,13.11296272277832,252.5742950439453,172.3629150390625,140.79298400878906,46.6799201965332,122.20417022705078,108.238037109375,149.28428649902344,50.79282760620117,90.58389282226562,65.40515899658203,33.460716247558594,73.89496612548828,131.87745666503906,128.26040649414062,218.49327087402344,43.30412673950195,121.17212677001953,85.79817199707031,100.32361602783203
2018-03-01,24103.109375,206.22901916503906,90.11753845214844,31.114826202392578,314.009765625,139.85218811035156,105.33586883544922,40.10526657104492,40.335105895996094,68.08821868896484,12.63533878326416,242.61941528320312,168.5519561767578,139.98944091796875,49.656803131103516,121.34849548339844,103.05574035644531,148.93345642089844,51.027015686035156,88.58300018310547,64.82947540283203,33.008052825927734,74.6102066040039,131.74462890625,120.43473815917969,206.74546813964844,43.376686096191406,118.10514831542969,84.80683898925781,97.67839813232422
2018-04-01,24163.150390625,182.6205596923828,95.40209197998047,28.540102005004883,319.449462890625,136.98641967773438,115.56095123291016,41.414371490478516,40.48503494262695,70.95375061035156,13.188368797302246,229.5858154296875,175.7520294189453,132.2614288330078,49.21820068359375,119.776611328125,101.9405517578125,159.46682739257812,55.631160736083984,90.76675415039062,66.9340591430664,34.04972839355469,68.0789794921875,125.5073013305664,115.0074234008789,229.1422882080078,44.764522552490234,125.27317810058594,84.82341766357422,97.57142639160156
2018-05-01,24415.83984375,185.28858947753906,95.32389831542969,28.609933853149414,337.26263427734375,144.87657165527344,114.81278228759766,40.25800323486328,40.28828048706055,74.138671875,13.197744369506836,217.5926055908203,177.41635131835938,128.93115234375,52.63162612915039,113.27122497558594,100.79037475585938,152.390625,56.25485610961914,95.93013763427734,70.2714614868164,33.41728591918945,69.49748229980469,122.56990814208984,119.4775390625,234.09542846679688,43.784706115722656,129.0645751953125,79.14678192138672,96.73506927490234
2018-06-01,24271.41015625,186.0734405517578,95.03296661376953,28.424039840698242,322.9198303222656,129.38848876953125,117.79853057861328,40.559635162353516,41.09404373168945,76.2636947631836,12.75719165802002,213.2288055419922,186.58657836914062,128.8771514892578,47.670623779296875,115.75209045410156,98.14368438720703,149.2287139892578,57.3604850769043,96.12174987792969,77.98370361328125,34.07218551635742,74.14205169677734,116.676025390625,120.35371398925781,237.8078155517578,46.20954132080078,130.98277282714844,82.64634704589844,101.9282455444336
2018-07-01,25415.189453125,200.82919311523438,96.50692749023438,28.300107955932617,342.9296875,137.14207458496094,117.64944458007812,39.86212158203125,44.07845687866211,75.13905334472656,12.893913269042969,229.5276336669922,188.90097045898438,133.7019805908203,46.12666320800781,126.41724395751953,108.26887512207031,150.9912872314453,62.727108001708984,103.40325164794922,75.48292541503906,37.50008010864258,76.82050323486328,124.86152648925781,130.6631622314453,246.31411743164062,47.43113708496094,135.22528076171875,86.1008071899414,110.43766021728516
2018-08-01,25964.8203125,199.50494384765625,103.14032745361328,28.71285629272461,329.9266662597656,133.23318481445312,110.37264251708984,45.37846374511719,42.13117980957031,73.90377807617188,12.241175651550293,229.89500427246094,192.0091094970703,135.1318817138672,46.44313049316406,128.48731994628906,108.5068588256836,155.48634338378906,65.31732177734375,109.49554443359375,80.6747817993164,38.99332046508789,79.50184631347656,126.2623062133789,126.7742691040039,261.1384582519531,50.517601013183594,145.26284790039062,92.498291015625,109.81568908691406
2018-09-01,26458.310546875,200.64222717285156,103.63665008544922,30.187156677246094,359.71295166015625,146.3214111328125,115.02416229248047,46.21440887451172,43.66253662109375,79.18309020996094,10.680283546447754,217.4945526123047,199.126220703125,141.00253295898438,45.625694274902344,132.68544006347656,106.85907745361328,161.33694458007812,67.55519104003906,111.9130859375,83.35282135009766,41.74055099487305,79.77020263671875,124.448974609375,135.29978942871094,258.7845153808594,49.60704040527344,148.65048217773438,91.14299774169922,114.63888549804688
2018-10-01,25115.759765625,181.16932678222656,99.97740173339844,27.58016586303711,343.2313232421875,116.41230773925781,105.0249252319336,43.459590911865234,45.645042419433594,74.20970153808594,9.649298667907715,218.5905303955078,169.0674591064453,107.63785552978516,45.23012161254883,134.43319702148438,103.2415542602539,170.60494995117188,70.57608032226562,104.51548767089844,73.82902526855469,40.783939361572266,84.99365234375,120.75609588623047,120.20304107666016,255.08016967773438,53.044883728027344,136.52789306640625,97.32528686523438,112.57040405273438
2018-11-01,25538.4609375,197.9855194091797,109.65611267089844,28.50136947631836,335.3968505859375,131.01150512695312,111.8823471069336,45.78089141845703,48.047420501708984,74.04206085205078,7.165318965911865,184.95376586914062,173.33546447753906,115.881103515625,47.57460403442383,141.06890869140625,106.0339126586914,181.80181884765625,76.06990051269531,108.50785827636719,73.90773010253906,43.786376953125,91.3819351196289,125.81295013427734,117.90950012207031,274.610107421875,56.64775466918945,140.3508758544922,94.77278900146484,113.21741485595703
2018-12-01,23327.4609375,182.6749725341797,93.10076141357422,26.038063049316406,313.3722229003906,122.706787109375,103.33475494384766,41.43902587890625,45.496726989746094,64.15233612060547,7.2321953773498535,162.6810302734375,166.15269470214844,107.3466567993164,45.56330871582031,124.71664428710938,93.09317779541016,172.30723571777344,73.26066589355469,99.81742095947266,73.1600570678711,41.661781311035156,88.87765502929688,115.56416320800781,103.63600158691406,243.92050170898438,52.81487274169922,130.90919494628906,90.4053726196289,107.49234008789062
2019-01-01,24999.669921875,192.0321044921875,100.30892944335938,27.42481231689453,374.7056884765625,128.5876922607422,108.9009017944336,45.2262077331543,46.24619674682617,68.94093322753906,9.72050666809082,192.83131408691406,177.47642517089844,126.9423599243164,45.747779846191406,128.611328125,98.70050811767578,173.4813690185547,71.8625259399414,102.6280746459961,80.7977523803711,40.516441345214844,93.27706146240234,121.90022277832031,114.91643524169922,264.560546875,51.72513198852539,133.9552001953125,93.51394653320312,110.17354583740234
2019-02-01,25916.0,198.8294677734375,105.66226959228516,28.862472534179688,427.5077209472656,133.47735595703125,113.58370208740234,49.89405059814453,43.565399169921875,74.3504638671875,10.338178634643555,191.55555725097656,179.03334045410156,130.44598388671875,51.41770553588867,132.05177307128906,100.3288345336914,178.3914031982422,78.48589324951172,110.09693908691406,84.59686279296875,41.7368049621582,96.0420913696289,129.0565643310547,122.31344604492188,237.16453552246094,54.03008270263672,146.96278381347656,96.59757995605469,111.47760772705078
2019-03-01,25928.6796875,200.58058166503906,107.19218444824219,29.08506202697754,372.486572265625,131.67938232421875,118.17933654785156,52.033607482910156,45.025909423828125,76.85960388183594,9.940174102783203,187.72381591796875,185.56069946289062,134.80331420898438,52.466636657714844,135.99197387695312,97.31974029541016,185.44497680664062,80.30103302001953,116.39996337890625,83.09695434570312,40.88955307006836,101.40213012695312,133.183349609375,126.19291687011719,242.09933471679688,56.12788391113281,155.24020385742188,95.17285919189453,109.68946075439453
2019-04-01,26592.91015625,182.9436492919922,114.96926879882812,28.714078903198242,368.8439025878906,135.4988555908203,115.18598937988281,53.922584533691406,47.55132293701172,76.36495971679688,10.129997253417969,201.34425354003906,198.4479522705078,134.01034545898438,49.86772537231445,137.36367797851562,111.56727600097656,192.93507385253906,76.51058959960938,128.8946533203125,86.89209747314453,39.09877014160156,103.77029418945312,140.40447998046875,139.6258087158203,229.07652282714844,54.286373138427734,163.43008422851562,100.8945083618164,135.31626892089844
2019-05-01,24815.0390625,154.2147979736328,112.89611053466797,28.81536102294922,333.60894775390625,117.14617919921875,109.22809600830078,50.46211242675781,47.61916732788086,67.31873321533203,9.402867317199707,178.43492126464844,184.95506286621094,121.32296752929688,43.028499603271484,127.58674621582031,102.6465072631836,193.61863708496094,76.99661254882812,122.06501007080078,76.31623840332031,39.97490692138672,100.9990463256836,142.18212890625,123.65711212158203,237.65695190429688,52.12165451049805,160.34896850585938,99.52099609375,130.44578552246094
2019-06-01,26599.9609375,168.76564025878906,121.4880599975586,31.57628059387207,357.5265808105469,133.259765625,120.56282043457031,53.080753326416016,49.354122161865234,73.7284927368164,10.458698272705078,193.50047302246094,202.60784912109375,133.31105041503906,47.05696487426758,136.4229736328125,108.30387878417969,203.97592163085938,81.50695037841797,132.70018005371094,83.28469848632812,42.07783508300781,107.61388397216797,146.04019165039062,128.1786651611328,239.82907104492188,54.78767776489258,172.75994873046875,108.97562408447266,137.9540252685547
2019-07-01,26864.26953125,170.10923767089844,122.40335083007812,32.085121154785156,335.10321044921875,128.7424774169922,119.27425384521484,53.73056411743164,51.409751892089844,71.54444122314453,10.418911933898926,216.2086181640625,209.640625,143.30697631835938,49.691444396972656,127.54882049560547,112.3725357055664,206.98162841796875,81.20977783203125,134.9884490966797,85.34820556640625,37.726295471191406,115.84809112548828,144.0001678466797,131.52589416503906,245.82723999023438,53.003936767578125,177.189697265625,108.86713409423828,141.28334045410156
2019-08-01,26403.279296875,157.45230102539062,118.83708190917969,33.72751998901367,357.60516357421875,117.2494888305664,114.05218505859375,45.6859245300293,53.76387405395508,65.8870849609375,8.225458145141602,200.27755737304688,223.5911407470703,131.01992797851562,46.604774475097656,125.72696685791016,107.1780014038086,214.10301208496094,84.61511993408203,136.56349182128906,83.83032989501953,34.53063201904297,118.761474609375,144.33409118652344,128.2180633544922,231.0090789794922,56.36204528808594,179.9968719482422,112.69396209716797,136.44253540039062
2019-09-01,26916.830078125,161.5261993408203,116.77369689941406,36.19538497924805,376.0252685546875,124.45195770263672,116.08597564697266,48.22349166870117,53.17778778076172,68.7811508178711,8.91340446472168,204.81582641601562,227.62327575683594,142.2372283935547,50.99680709838867,127.67564392089844,114.81684112548828,212.01600646972656,82.3742446899414,138.18109130859375,93.41638946533203,35.22624206542969,122.86077880859375,146.03318786621094,135.20001220703125,214.5422821044922,58.49403762817383,171.47401428222656,117.62956237792969,129.5438690185547
2019-10-01,27046.23046875,162.10589599609375,115.78642272949219,36.817134857177734,335.9391174316406,135.77294921875,113.6781234741211,46.36911392211914,53.55674362182617,65.81988525390625,9.961067199707031,210.89419555664062,231.54010009765625,130.80308532714844,55.945072174072266,130.30059814453125,121.87033081054688,194.2319793701172,85.36461639404297,142.4945831298828,89.06982421875,37.61845016479492,122.98919677734375,129.41250610351562,142.19175720214844,250.64651489257812,58.60063552856445,178.3026885986328,116.22213745117188,129.14625549316406
2019-11-01,28051.41015625,166.80233764648438,119.04383087158203,36.24862289428711,361.9022216796875,143.72186279296875,114.64713287353516,44.556888580322266,52.54327392578125,66.3653793334961,11.248620986938477,218.77134704589844,217.6524200439453,131.50732421875,57.449344635009766,135.67881774902344,129.57305908203125,192.0398406982422,85.87683868408203,150.4556884765625,92.98869323730469,37.7655143737793,121.33919525146484,135.00135803222656,146.90573120117188,277.595703125,58.98518371582031,183.93508911132812,118.03593444824219,150.67726135253906
2019-12-01,28538.439453125,174.8367462158203,123.37467193603516,37.89716720581055,323.83331298828125,146.6513214111328,119.11775970458984,47.162841796875,54.868797302246094,68.79238891601562,11.138830184936523,228.53268432617188,215.55003356933594,132.65478515625,59.55670166015625,144.9457244873047,137.0862579345703,196.38108825683594,89.5904769897461,157.2704315185547,101.02969360351562,38.78382110595703,124.16242218017578,135.22845458984375,149.05067443847656,291.591064453125,60.12101745605469,187.6282501220703,117.78813934326172,143.76864624023438
2020-01-01,28256.029296875,157.2361297607422,128.7064666748047,36.48135757446289,316.3875732421875,130.43507385253906,105.9022216796875,45.2059211730957,57.89228439331055,61.24079895019531,12.43764877319336,236.30516052246094,226.5840606689453,142.24465942382812,63.6167106628418,147.9267120361328,130.16310119628906,212.63934326171875,84.73995208740234,169.76629638671875,96.03356170654297,36.863441467285156,123.88407897949219,130.75546264648438,149.48858642578125,271.27496337890625,58.20184326171875,198.6822509765625,113.98564147949219,138.30999755859375
2020-02-01,25409.359375,147.90066528320312,109.3227310180664,34.61114501953125,273.48284912109375,124.23999786376953,92.26164245605469,39.55497360229492,53.02497100830078,50.71195602416992,10.869206428527832,199.54989624023438,216.39224243164062,128.80499267578125,55.2479248046875,133.62789916992188,114.91586303710938,192.9624786376953,75.93270874023438,161.56869506835938,89.13269805908203,33.41999816894531,113.2300033569336,119.02303314208984,129.97146606445312,253.86038208007812,53.5837287902832,181.49713134765625,107.20564270019531,117.6500015258789
2020-03-01,21917.16015625,136.50999450683594,85.13707733154297,28.646076202392578,149.13999938964844,116.04000091552734,72.45999908447266,38.9407958984375,43.865299224853516,37.970001220703125,7.932123184204102,154.58999633789062,185.46913146972656,110.93000030517578,54.119998931884766,131.1300048828125,89.10408020019531,165.35000610351562,76.30960083007812,157.7100067138672,82.73999786376953,32.63999938964844,110.0,98.69742584228516,94.33000183105469,248.304443359375,53.15830612182617,161.1199951171875,113.11947631835938,96.5999984741211
2020-04-01,23719.369140625,147.77999877929688,94.29619598388672,30.198762893676758,151.83999633789062,125.02999877929688,84.30999755859375,40.813045501708984,49.0,43.130001068115234,7.139999866485596,184.25999450683594,201.52999877929688,121.5,57.13999938964844,141.22999572753906,101.70316314697266,183.6999969482422,82.48999786376953,165.13999938964844,86.79000091552734,35.38999938964844,114.66000366210938,109.73999786376953,57.7599983215332,264.1300048828125,56.828826904296875,173.69000244140625,121.80000305175781,104.5
2020-04-09,23719.369140625,147.77999877929688,94.81999969482422,30.729999542236328,151.83999633789062,125.02999877929688,84.30999755859375,41.20000076293945,49.0,43.130001068115234,7.139999866485596,184.25999450683594,201.52999877929688,121.5,57.13999938964844,141.22999572753906,102.76000213623047,183.6999969482422,82.48999786376953,165.13999938964844,86.79000091552734,35.38999938964844,114.66000366210938,109.73999786376953,,264.1300048828125,57.439998626708984,173.69000244140625,121.80000305175781,104.5
